단속동,위반내용,경도,위도
화양동,교통소통장애,127.0696965,37.5459142
화양동,교통소통장애,127.0673104,37.542147
화양동,교통소통장애,127.0665682,37.5435918
화양동,교통소통장애,127.0701709,37.5405207
화양동,교통소통장애,127.0701709,37.5405207
화양동,교통소통장애,127.0750523,37.546578
화양동,교통소통장애,127.0807539,37.5402882
화양동,교통소통장애,127.0807539,37.5402882
화양동,교통소통장애,127.068137,37.5439196
화양동,교통소통장애,127.068137,37.5439196
화양동,교통소통장애,127.0722458,37.5474931
화양동,교통소통장애,127.0722458,37.5474931
화양동,교통소통장애,127.0725406,37.5474503
화양동,교통소통장애,127.0704155,37.5436042
화양동,도로 모퉁이,127.0719644,37.5455446
화양동,주차금지(황색점선)구역,127.0685582,37.5446347
화양동,주차금지(황색점선)구역,127.0690481,37.5461884
화양동,주정차금지(황색실선)구역,127.0713553,37.5435575
화양동,교통소통장애,127.0708207,37.5474278
화양동,교통소통장애,127.0708207,37.5474278
화양동,교통소통장애,127.0708207,37.5474278
화양동,교통소통장애,127.0708207,37.5474278
화양동,교통소통장애,127.0708207,37.5474278
화양동,교통소통장애,127.0708207,37.5474278
화양동,보도,127.0708207,37.5474278
화양동,교통소통장애,127.0715132,37.547253
화양동,교통소통장애,127.0715132,37.547253
화양동,도로 모퉁이,127.0708207,37.5474278
화양동,교통소통장애,127.0730999,37.5470583
화양동,교통소통장애,127.0676281,37.5420774
화양동,보도,127.0712917,37.5477739
화양동,도로 모퉁이,127.0709885,37.543023
화양동,도로 모퉁이,127.0690782,37.5410347
화양동,도로 모퉁이,127.0676441,37.5416991
화양동,소화전,127.0695102,37.5463362
화양동,교통소통장애,127.0720974,37.5448608
화양동,교통소통장애,127.0720974,37.5448608
화양동,주차금지(황색점선)구역,127.0720974,37.5448608
화양동,교통소통장애,127.0720974,37.5448608
화양동,주차금지(황색점선)구역,127.0720974,37.5448608
화양동,교통소통장애,127.0720974,37.5448608
화양동,도로 모퉁이,127.0663088,37.5453378
화양동,교통소통장애,127.0717733,37.545444
화양동,교통소통장애,127.0745497,37.5478716
화양동,교통소통장애,127.0730999,37.5470583
화양동,교통소통장애,127.072392,37.5475663
화양동,교통소통장애,127.072065,37.5474736
화양동,교통소통장애,127.072392,37.5475663
화양동,교통소통장애,127.0689155,37.5422858
화양동,교통소통장애,127.0689483,37.5423852
화양동,교통소통장애,127.0656533,37.5443595
화양동,교통소통장애,127.0656533,37.5443595
화양동,교통소통장애,127.0681146,37.5439014
화양동,교통소통장애,127.0673304,37.5441745
화양동,교통소통장애,127.071866,37.5443544
화양동,교통소통장애,127.0708207,37.5474278
화양동,교통소통장애,127.071739,37.5472908
화양동,교통소통장애,127.071739,37.5472908
화양동,교통소통장애,127.071739,37.5472908
화양동,교통소통장애,127.071504,37.5470818
화양동,교통소통장애,127.0709578,37.5473207
화양동,교통소통장애,127.0656995,37.5442878
화양동,교통소통장애,127.0686997,37.5423562
화양동,교통소통장애,127.0738721,37.545929
화양동,교통소통장애,127.0738721,37.545929
화양동,교통소통장애,127.0738721,37.545929
화양동,교통소통장애,127.0741346,37.5457508
화양동,교통소통장애,127.0738721,37.545929
화양동,교통소통장애,127.0738721,37.545929
화양동,교통소통장애,127.0677617,37.5440698
화양동,도로 모퉁이,127.075082,37.5460106
화양동,주차금지(황색점선)구역,127.0697638,37.5404994
화양동,주정차금지(황색실선)구역,127.0746476,37.5463586
화양동,도로 모퉁이,127.0746499,37.5461784
화양동,교통소통장애,127.067087,37.542821
화양동,교통소통장애,127.0689533,37.5410697
화양동,교통소통장애,127.0652498,37.5422389
화양동,교통소통장애,127.0704054,37.5425949
화양동,교통소통장애,127.0722199,37.5468441
화양동,교통소통장애,127.0717433,37.5469485
화양동,도로 모퉁이,127.0735776,37.5468638
화양동,교통소통장애,127.0730999,37.5470583
화양동,교통소통장애,127.0697697,37.540932
화양동,교통소통장애,127.0715647,37.5467488
화양동,교통소통장애,127.068137,37.5439196
화양동,도로 모퉁이,127.0676589,37.5459702
화양동,도로 모퉁이,127.0673304,37.5441745
화양동,도로 모퉁이,127.0673304,37.5441745
화양동,교통소통장애,127.0750523,37.546578
화양동,소화전,127.0719012,37.5451657
화양동,교통소통장애,127.0676396,37.5438796
화양동,도로 모퉁이,127.0673425,37.5450216
화양동,교통소통장애,127.0681146,37.5439014
화양동,교통소통장애,127.0660334,37.5420108
화양동,교통소통장애,127.071866,37.5443544
화양동,교통소통장애,127.0686997,37.5423562
화양동,교통소통장애,127.0681146,37.5439014
화양동,교통소통장애,127.0711542,37.5469979
화양동,교통소통장애,127.0721761,37.5467266
화양동,교통소통장애,127.0721761,37.5467266
화양동,도로 모퉁이,127.0721761,37.5467266
화양동,교통소통장애,127.0717433,37.5469485
화양동,교통소통장애,127.0717433,37.5469485
화양동,교통소통장애,127.0717433,37.5469485
화양동,교통소통장애,127.072065,37.5474736
화양동,교통소통장애,127.0704054,37.5425949
화양동,교통소통장애,127.071895,37.5438411
화양동,교통소통장애,127.0738721,37.545929
화양동,교통소통장애,127.0734081,37.5459344
화양동,교통소통장애,127.0738721,37.545929
화양동,교통소통장애,127.0673104,37.542147
화양동,도로 모퉁이,127.068624,37.5475276
화양동,교통소통장애,127.0646823,37.5423695
화양동,교통소통장애,127.071739,37.5472908
화양동,교통소통장애,127.071739,37.5472908
화양동,교통소통장애,127.071739,37.5472908
화양동,교통소통장애,127.071739,37.5472908
화양동,교통소통장애,127.071739,37.5472908
화양동,교통소통장애,127.071739,37.5472908
화양동,교통소통장애,127.0717433,37.5469485
화양동,교통소통장애,127.0705746,37.5408122
화양동,교통소통장애,127.0646823,37.5423695
화양동,주정차금지(황색실선)구역,127.0646823,37.5423695
화양동,교통소통장애,127.0646823,37.5423695
화양동,주차방법위반,127.0713553,37.5435575
화양동,교통소통장애,127.0704401,37.5443612
화양동,교통소통장애,127.0704401,37.5443612
화양동,교통소통장애,127.0704401,37.5443612
화양동,교통소통장애,127.0652498,37.5422389
화양동,교통소통장애,127.0652498,37.5422389
화양동,보도,127.0698648,37.5478528
화양동,보도,127.0698648,37.5478528
화양동,이중주차,127.0692177,37.5461988
화양동,교통소통장애,127.0676589,37.5459702
화양동,교통소통장애,127.0711542,37.5469979
화양동,도로 모퉁이,127.0734081,37.5459344
화양동,도로 모퉁이,127.0692177,37.5461988
화양동,교통소통장애,127.0689905,37.5408087
화양동,교통소통장애,127.0678056,37.5478185
화양동,교통소통장애,127.0691628,37.5460632
화양동,교통소통장애,127.071739,37.5472908
화양동,교통소통장애,127.071739,37.5472908
화양동,교통소통장애,127.071739,37.5472908
화양동,교통소통장애,127.0708207,37.5474278
화양동,교통소통장애,127.071739,37.5472908
화양동,교통소통장애,127.0708207,37.5474278
화양동,교통소통장애,127.0696965,37.5459142
화양동,교통소통장애,127.0698882,37.5441497
화양동,교통소통장애,127.071061,37.5426541
화양동,도로 모퉁이,127.0676589,37.5459702
화양동,교통소통장애,127.0693206,37.5415592
화양동,교통소통장애,127.0704054,37.5425949
화양동,교통소통장애,127.0715729,37.5424419
화양동,교통소통장애,127.0653926,37.5443935
화양동,교통소통장애,127.0683452,37.5417407
화양동,교통소통장애,127.072065,37.5474736
화양동,교통소통장애,127.072065,37.5474736
화양동,교통소통장애,127.0704054,37.5425949
화양동,교통소통장애,127.0704054,37.5425949
화양동,교통소통장애,127.0704054,37.5425949
화양동,교통소통장애,127.0677105,37.5418258
화양동,주차금지(황색점선)구역,127.0674731,37.5418059
화양동,주차금지(황색점선)구역,127.0677104,37.5418348
화양동,교통소통장애,127.0696965,37.5459142
화양동,보도,127.0724434,37.5470711
화양동,주차금지(황색점선)구역,127.0705145,37.5456593
화양동,주차금지(황색점선)구역,127.0703466,37.5455048
화양동,주차금지(황색점선)구역,127.0705145,37.5456593
화양동,교통소통장애,127.0739223,37.5455329
화양동,교통소통장애,127.0739223,37.5455329
화양동,교통소통장애,127.0709234,37.5427972
화양동,교통소통장애,127.071504,37.5470818
화양동,교통소통장애,127.071504,37.5470818
화양동,교통소통장애,127.071504,37.5470818
화양동,교통소통장애,127.071504,37.5470818
화양동,교통소통장애,127.0716358,37.5474072
화양동,보도,127.0734081,37.5459344
화양동,교통소통장애,127.068137,37.5439196
화양동,교통소통장애,127.0681377,37.5447756
화양동,교통소통장애,127.0657498,37.5438827
화양동,교통소통장애,127.071739,37.5472908
화양동,교통소통장애,127.071739,37.5472908
화양동,교통소통장애,127.071739,37.5472908
화양동,교통소통장애,127.0706046,37.5475162
화양동,교통소통장애,127.0705461,37.5476689
화양동,교통소통장애,127.0742798,37.5459052
화양동,교통소통장애,127.0744967,37.5457537
화양동,보도,127.070382,37.5472171
화양동,보도,127.0701222,37.547179
화양동,교통소통장애,127.0705961,37.5454617
화양동,교통소통장애,127.0716572,37.5475065
화양동,교통소통장애,127.0673304,37.5441745
화양동,도로 모퉁이,127.0691183,37.5478199
화양동,교통소통장애,127.0696965,37.5459142
화양동,교통소통장애,127.0738721,37.545929
화양동,교통소통장애,127.0738721,37.545929
화양동,교통소통장애,127.0738721,37.545929
화양동,교통소통장애,127.0707457,37.5407054
화양동,교통소통장애,127.0701709,37.5405207
화양동,교통소통장애,127.0746499,37.5461784
화양동,도로 모퉁이,127.0746499,37.5461784
화양동,교통소통장애,127.0746499,37.5461784
화양동,교통소통장애,127.0678878,37.5448547
화양동,교통소통장애,127.0680352,37.5448288
화양동,교통소통장애,127.0697638,37.5404994
화양동,교통소통장애,127.0701709,37.5405207
화양동,교통소통장애,127.0701709,37.5405207
화양동,교통소통장애,127.0746499,37.5461784
화양동,교통소통장애,127.0746389,37.5461513
화양동,교통소통장애,127.0746389,37.5461513
화양동,교통소통장애,127.0738721,37.545929
화양동,교통소통장애,127.0738721,37.545929
화양동,교통소통장애,127.0745497,37.5478716
화양동,교통소통장애,127.0745497,37.5478716
화양동,교통소통장애,127.0745497,37.5478716
화양동,교통소통장애,127.0745497,37.5478716
화양동,교통소통장애,127.0745497,37.5478716
화양동,교통소통장애,127.0745497,37.5478716
화양동,교통소통장애,127.0745497,37.5478716
화양동,도로 모퉁이,127.0743798,37.5469692
화양동,도로 모퉁이,127.0696965,37.5459142
화양동,교통소통장애,127.0709578,37.5473207
화양동,교통소통장애,127.0715132,37.547253
화양동,교통소통장애,127.0715132,37.547253
화양동,교통소통장애,127.0715132,37.547253
화양동,교통소통장애,127.0715132,37.547253
화양동,교통소통장애,127.0717433,37.5469485
화양동,교통소통장애,127.0717433,37.5469485
화양동,교통소통장애,127.0717433,37.5469485
화양동,교통소통장애,127.0717433,37.5469485
화양동,교통소통장애,127.0717433,37.5469485
화양동,소화전,127.0717433,37.5469485
화양동,도로 모퉁이,127.0717433,37.5469485
화양동,소화전,127.0673304,37.5441745
화양동,교통소통장애,127.071504,37.5470818
화양동,교통소통장애,127.071504,37.5470818
화양동,교통소통장애,127.0717433,37.5469485
화양동,교통소통장애,127.0713568,37.5434404
화양동,도로 모퉁이,127.0694899,37.5461468
화양동,교통소통장애,127.0731232,37.5460943
화양동,교통소통장애,127.0738721,37.545929
화양동,교통소통장애,127.0738721,37.545929
화양동,도로 모퉁이,127.0696965,37.5459142
화양동,교통소통장애,127.0673304,37.5441745
화양동,도로 모퉁이,127.0665682,37.5435918
화양동,교통소통장애,127.0701986,37.5474049
화양동,도로 모퉁이,127.0691678,37.5474778
화양동,보도,127.0701986,37.5474049
화양동,교통소통장애,127.0744967,37.5457537
화양동,보도,127.0719724,37.5430758
화양동,교통소통장애,127.0679874,37.5468468
화양동,교통소통장애,127.068137,37.5439196
화양동,도로 모퉁이,127.0663648,37.5453833
화양동,도로 모퉁이,127.0696965,37.5459142
화양동,교통소통장애,127.0704054,37.5425949
화양동,도로 모퉁이,127.0673336,37.5475535
화양동,교통소통장애,127.0675122,37.5477531
화양동,교통소통장애,127.0670979,37.5428572
화양동,교통소통장애,127.0691678,37.5474778
화양동,교통소통장애,127.0673336,37.5475535
화양동,교통소통장애,127.0695145,37.5441737
화양동,교통소통장애,127.0698882,37.5441497
화양동,주정차금지(황색실선)구역,127.0710495,37.5408429
화양동,교통소통장애,127.0673304,37.5441745
화양동,교통소통장애,127.071504,37.5470818
화양동,교통소통장애,127.0651289,37.5428596
화양동,소방기계 비치장소,127.0691732,37.5479554
화양동,교통소통장애,127.0687855,37.5445554
화양동,도로 모퉁이,127.0692288,37.5462169
화양동,교통소통장애,127.0710497,37.542654
화양동,도로 모퉁이,127.0694786,37.5461467
화양동,교차로,127.0740283,37.5461104
화양동,교통소통장애,127.0740283,37.5461104
화양동,교통소통장애,127.0738721,37.545929
화양동,교통소통장애,127.0738721,37.545929
화양동,교통소통장애,127.0740283,37.5461104
화양동,교통소통장애,127.0740283,37.5461104
화양동,교통소통장애,127.0738721,37.545929
화양동,교통소통장애,127.0656533,37.5443595
화양동,주정차금지(황색실선)구역,127.0650876,37.5425349
화양동,주정차금지(황색실선)구역,127.0650876,37.5425349
화양동,교통소통장애,127.0738721,37.545929
화양동,도로 모퉁이,127.0691678,37.5474778
화양동,교통소통장애,127.0721659,37.5466364
화양동,교통소통장애,127.0717433,37.5469485
화양동,교통소통장애,127.0717433,37.5469485
화양동,교통소통장애,127.0717433,37.5469485
화양동,교통소통장애,127.0717433,37.5469485
화양동,교통소통장애,127.0730331,37.5460576
화양동,보도,127.0702461,37.547225
화양동,교통소통장애,127.0702461,37.547225
화양동,교통소통장애,127.0673336,37.5475535
화양동,도로 모퉁이,127.066557,37.5435827
화양동,교통소통장애,127.0738721,37.545929
화양동,교통소통장애,127.0703466,37.5455048
화양동,교통소통장애,127.0705145,37.5456593
화양동,도로 모퉁이,127.0717331,37.5441191
화양동,도로 모퉁이,127.0715647,37.5467488
화양동,도로 모퉁이,127.0704054,37.5425949
화양동,도로 모퉁이,127.070034,37.5424298
화양동,교통소통장애,127.0680558,37.5449912
화양동,교통소통장애,127.074095,37.5462101
화양동,교통소통장애,127.071739,37.5472908
화양동,교통소통장애,127.071739,37.5472908
화양동,교통소통장애,127.071739,37.5472908
화양동,교통소통장애,127.071739,37.5472908
화양동,교통소통장애,127.0711542,37.5469979
화양동,교통소통장애,127.0709578,37.5473207
화양동,교통소통장애,127.0709578,37.5473207
화양동,도로 모퉁이,127.0673304,37.5441745
화양동,교통소통장애,127.0745497,37.5478716
화양동,교통소통장애,127.0744967,37.5457537
화양동,교통소통장애,127.0744967,37.5457537
화양동,보도,127.0646724,37.5422613
화양동,소화전,127.0673304,37.5441745
화양동,교통소통장애,127.0717433,37.5469485
화양동,교통소통장애,127.0717433,37.5469485
화양동,도로 모퉁이,127.0717433,37.5469485
화양동,도로 모퉁이,127.0676589,37.5459702
화양동,도로 모퉁이,127.0676589,37.5459702
화양동,교통소통장애,127.0691005,37.5447021
화양동,교통소통장애,127.0738721,37.545929
화양동,교통소통장애,127.0738721,37.545929
화양동,교통소통장애,127.0744967,37.5457537
화양동,도로 모퉁이,127.0744967,37.5457537
화양동,도로 모퉁이,127.0717433,37.5469485
화양동,도로 모퉁이,127.0719269,37.5467427
화양동,교통소통장애,127.071504,37.5470818
화양동,교통소통장애,127.071504,37.5470818
화양동,교통소통장애,127.0738721,37.545929
화양동,교통소통장애,127.0738721,37.545929
화양동,교통소통장애,127.0738721,37.545929
화양동,교통소통장애,127.0713788,37.5453147
화양동,교통소통장애,127.0708207,37.5474278
화양동,주차방법위반,127.0713758,37.546468
화양동,교통소통장애,127.0713788,37.5453147
화양동,교통소통장애,127.0713788,37.5453147
화양동,도로 모퉁이,127.0713788,37.5453147
화양동,교통소통장애,127.0671891,37.5473451
화양동,교통소통장애,127.0711542,37.5469979
화양동,교통소통장애,127.0711542,37.5469979
화양동,도로 모퉁이,127.0717433,37.5469485
화양동,도로 모퉁이,127.0717433,37.5469485
화양동,보도,127.0725406,37.5474503
화양동,도로 모퉁이,127.0710961,37.5443844
화양동,주정차금지(황색실선)구역,127.0650876,37.5425349
화양동,도로 모퉁이,127.0646724,37.5422613
화양동,교통소통장애,127.0744967,37.5457537
화양동,주정차금지(황색실선)구역,127.0744967,37.5457537
화양동,도로 모퉁이,127.0673104,37.542147
화양동,보도,127.0708207,37.5474278
화양동,교통소통장애,127.0738721,37.545929
화양동,교통소통장애,127.0738721,37.545929
화양동,교통소통장애,127.0738721,37.545929
화양동,교통소통장애,127.0738721,37.545929
화양동,도로 모퉁이,127.0745425,37.5466281
화양동,교통소통장애,127.0745425,37.5466281
화양동,교통소통장애,127.0745425,37.5466281
화양동,교통소통장애,127.0745425,37.5466281
화양동,교통소통장애,127.0745425,37.5466281
화양동,교통소통장애,127.0673104,37.542147
화양동,교차로,127.072065,37.5474736
화양동,교통소통장애,127.0697638,37.5404994
화양동,교통소통장애,127.0697638,37.5404994
화양동,교통소통장애,127.0740283,37.5461104
화양동,교통소통장애,127.0740283,37.5461104
화양동,횡단보도,127.0745497,37.5478716
화양동,교통소통장애,127.0677617,37.5440698
화양동,교통소통장애,127.068137,37.5439196
화양동,교통소통장애,127.0713758,37.546468
화양동,교통소통장애,127.0695145,37.5441737
화양동,교통소통장애,127.0661781,37.5422011
화양동,교통소통장애,127.0702038,37.5442513
화양동,교통소통장애,127.0696965,37.5459142
화양동,교통소통장애,127.0673104,37.542147
화양동,교통소통장애,127.067479,37.5431485
화양동,교통소통장애,127.0688969,37.5446915
화양동,교통소통장애,127.0651289,37.5428596
화양동,교통소통장애,127.0692288,37.5462169
화양동,주차방법위반,127.0646823,37.5423695
화양동,교통소통장애,127.0656533,37.5443595
화양동,교통소통장애,127.0686965,37.5471588
화양동,교통소통장애,127.0687625,37.5473125
화양동,교통소통장애,127.0742798,37.5459052
화양동,주정차금지(황색실선)구역,127.0652498,37.5422389
화양동,도로 모퉁이,127.066658,37.5454667
화양동,보도,127.0719142,37.5432015
화양동,교통소통장애,127.0734081,37.5459344
화양동,교통소통장애,127.0741361,37.5456337
화양동,보도,127.0734081,37.5459344
화양동,교통소통장애,127.0651503,37.5420488
화양동,도로 모퉁이,127.0698882,37.5441497
화양동,교통소통장애,127.0730784,37.546968
화양동,도로 모퉁이,127.0676589,37.5459702
화양동,주차금지(황색점선)구역,127.0673104,37.542147
화양동,도로 모퉁이,127.0674221,37.542265
화양동,도로 모퉁이,127.0676923,37.5469166
화양동,교통소통장애,127.0704054,37.5425949
화양동,교통소통장애,127.0673304,37.5441745
화양동,교통소통장애,127.0701709,37.5405207
화양동,교통소통장애,127.0744967,37.5457537
화양동,교통소통장애,127.0743342,37.5460858
화양동,교통소통장애,127.0740283,37.5461104
화양동,교통소통장애,127.0740283,37.5461104
화양동,교통소통장애,127.0740283,37.5461104
화양동,교통소통장애,127.0713758,37.546468
화양동,주정차금지(황색실선)구역,127.0746499,37.5461784
화양동,주정차금지(황색실선)구역,127.0746499,37.5461784
화양동,도로 모퉁이,127.0722625,37.5452316
화양동,교통소통장애,127.0653926,37.5443935
화양동,교통소통장애,127.0653299,37.5439785
화양동,교통소통장애,127.0656533,37.5443595
화양동,교통소통장애,127.0655579,37.5438452
화양동,교통소통장애,127.0657498,37.5438827
화양동,교통소통장애,127.0657498,37.5438827
화양동,교통소통장애,127.0743342,37.5460858
화양동,교통소통장애,127.0738721,37.545929
화양동,교통소통장애,127.0686997,37.5423562
화양동,도로 모퉁이,127.0691678,37.5474778
화양동,교통소통장애,127.0676589,37.5459702
화양동,교통소통장애,127.0713788,37.5453147
화양동,교통소통장애,127.0673104,37.542147
화양동,교통소통장애,127.0673104,37.542147
화양동,교통소통장애,127.0676589,37.5459702
화양동,교통소통장애,127.0673104,37.542147
화양동,교통소통장애,127.0699761,37.5452676
화양동,교통소통장애,127.0676041,37.5467357
화양동,교통소통장애,127.0740283,37.5461104
화양동,교통소통장애,127.0738721,37.545929
화양동,교통소통장애,127.0738721,37.545929
화양동,교통소통장애,127.0738721,37.545929
화양동,교통소통장애,127.0738721,37.545929
화양동,도로 모퉁이,127.0673304,37.5441745
화양동,교통소통장애,127.0684558,37.5419488
화양동,교통소통장애,127.0738721,37.545929
화양동,교통소통장애,127.0738721,37.545929
화양동,교통소통장애,127.0738721,37.545929
화양동,교통소통장애,127.0738721,37.545929
화양동,교통소통장애,127.0738721,37.545929
화양동,교통소통장애,127.0656995,37.5442878
화양동,교통소통장애,127.0673104,37.542147
화양동,도로 모퉁이,127.0694899,37.5461468
화양동,교통소통장애,127.0706243,37.5404612
화양동,교통소통장애,127.0715647,37.5467488
화양동,교통소통장애,127.0717433,37.5469485
화양동,교통소통장애,127.0717433,37.5469485
화양동,교통소통장애,127.0717433,37.5469485
화양동,교통소통장애,127.070113,37.5406283
화양동,교통소통장애,127.0697697,37.540932
화양동,안전지대,127.072065,37.5474736
화양동,안전지대,127.072065,37.5474736
화양동,교통소통장애,127.0740283,37.5461104
화양동,교통소통장애,127.0740283,37.5461104
화양동,교통소통장애,127.0738721,37.545929
화양동,교통소통장애,127.0738721,37.545929
화양동,교통소통장애,127.0701709,37.5405207
화양동,교통소통장애,127.0701709,37.5405207
화양동,교통소통장애,127.068137,37.5439196
화양동,교통소통장애,127.0743342,37.5460858
화양동,주정차금지(황색실선)구역,127.0738721,37.545929
화양동,교통소통장애,127.0738721,37.545929
화양동,교통소통장애,127.0706243,37.5404612
화양동,교통소통장애,127.0738721,37.545929
화양동,교통소통장애,127.0712183,37.5427455
화양동,교통소통장애,127.0712296,37.5427456
화양동,교통소통장애,127.0711488,37.5428711
화양동,도로 모퉁이,127.0676589,37.5459702
화양동,교통소통장애,127.0697236,37.5400936
화양동,교통소통장애,127.0744967,37.5457537
화양동,교통소통장애,127.0744967,37.5457537
화양동,보도,127.0745497,37.5478716
화양동,주차방법위반,127.0681146,37.5439014
화양동,교통소통장애,127.0681146,37.5439014
화양동,교통소통장애,127.0673304,37.5441745
화양동,도로 모퉁이,127.0673304,37.5441745
화양동,주정차금지(황색실선)구역,127.0646823,37.5423695
화양동,주정차금지(황색실선)구역,127.0646823,37.5423695
화양동,도로 모퉁이,127.0673304,37.5441745
화양동,교통소통장애,127.0706969,37.5437235
화양동,보도,127.0745497,37.5478716
화양동,교통소통장애,127.0705527,37.5444072
화양동,교통소통장애,127.0661085,37.5423448
화양동,교통소통장애,127.0673425,37.5450216
화양동,교통소통장애,127.0673304,37.5441745
화양동,주정차금지(황색실선)구역,127.0738721,37.545929
화양동,보도,127.0765413,37.546049
화양동,교통소통장애,127.0738721,37.545929
화양동,교통소통장애,127.0738721,37.545929
화양동,교통소통장애,127.0738721,37.545929
화양동,교통소통장애,127.0738721,37.545929
화양동,교통소통장애,127.0673104,37.542147
화양동,도로 모퉁이,127.0746389,37.5461513
화양동,교통소통장애,127.0746389,37.5461513
화양동,교통소통장애,127.0746499,37.5461784
화양동,교통소통장애,127.0744967,37.5457537
화양동,교통소통장애,127.0744967,37.5457537
화양동,교통소통장애,127.0744967,37.5457537
화양동,교통소통장애,127.0650876,37.5425349
화양동,보도,127.0704955,37.547191
화양동,교통소통장애,127.0743342,37.5460858
화양동,주정차금지(황색실선)구역,127.0738721,37.545929
화양동,교통소통장애,127.0705145,37.5456593
화양동,교통소통장애,127.0705145,37.5456593
화양동,도로 모퉁이,127.0681136,37.5430724
화양동,도로 모퉁이,127.0681023,37.5430723
화양동,교통소통장애,127.071061,37.5426541
화양동,교통소통장애,127.0701709,37.5405207
화양동,교통소통장애,127.0673104,37.542147
화양동,교통소통장애,127.0689217,37.5445205
화양동,교통소통장애,127.0687855,37.5445554
화양동,교통소통장애,127.0680558,37.5449912
화양동,교통소통장애,127.0738721,37.545929
화양동,도로 모퉁이,127.0720277,37.5468246
화양동,교통소통장애,127.0712296,37.5427456
화양동,교통소통장애,127.0712296,37.5427456
화양동,교통소통장애,127.0686719,37.5445906
화양동,도로 모퉁이,127.0698882,37.5441497
화양동,도로 모퉁이,127.0717433,37.5469485
화양동,도로 모퉁이,127.0717433,37.5469485
화양동,교통소통장애,127.0717433,37.5469485
화양동,교통소통장애,127.0722199,37.5468441
화양동,교통소통장애,127.0743342,37.5460858
화양동,교통소통장애,127.0743342,37.5460858
화양동,교통소통장애,127.0743342,37.5460858
화양동,교통소통장애,127.0664432,37.5436359
화양동,교통소통장애,127.0717332,37.5468493
화양동,도로 모퉁이,127.0717332,37.5468493
화양동,교통소통장애,127.0701827,37.5404847
화양동,교통소통장애,127.0701827,37.5404847
화양동,교통소통장애,127.0701827,37.5404847
화양동,도로 모퉁이,127.0673304,37.5441745
화양동,보도,127.0745497,37.5478716
화양동,주차방법위반,127.0652498,37.5422389
화양동,도로 모퉁이,127.0681265,37.5447665
화양동,보도,127.0734982,37.5468812
화양동,보도,127.0734982,37.5468812
화양동,교통소통장애,127.0733732,37.5469252
화양동,교통소통장애,127.0670259,37.5422799
화양동,보도,127.0745497,37.5478716
화양동,도로 모퉁이,127.0673304,37.5441745
화양동,교통소통장애,127.0675329,37.5469964
화양동,교통소통장애,127.0675773,37.5470688
화양동,주차금지(황색점선)구역,127.0676281,37.5420774
화양동,교통소통장애,127.0695681,37.5462285
화양동,교통소통장애,127.0708207,37.5474278
화양동,교통소통장애,127.0746476,37.5463586
화양동,도로 모퉁이,127.0750523,37.546578
화양동,교통소통장애,127.0742798,37.5459052
화양동,도로 모퉁이,127.0713553,37.5435575
화양동,도로 모퉁이,127.0713553,37.5435575
화양동,보도,127.0730999,37.5470583
화양동,보도,127.073655,37.5470176
화양동,보도,127.0730999,37.5470583
화양동,도로 모퉁이,127.0691005,37.5447021
화양동,교통소통장애,127.0686997,37.5423562
화양동,교통소통장애,127.0742517,37.5454364
화양동,교통소통장애,127.0742517,37.5454364
화양동,교통소통장애,127.0742517,37.5454364
화양동,교통소통장애,127.0742517,37.5454364
화양동,도로 모퉁이,127.0691427,37.5449457
화양동,도로 모퉁이,127.0691427,37.5449457
화양동,교통소통장애,127.0667493,37.5417732
화양동,교통소통장애,127.0667603,37.5418003
화양동,교통소통장애,127.0690335,37.5446295
화양동,교통소통장애,127.0690335,37.5446295
화양동,교통소통장애,127.0695907,37.5480578
화양동,교통소통장애,127.0673104,37.542147
화양동,교통소통장애,127.0673104,37.542147
화양동,보도,127.0659498,37.5450827
화양동,교통소통장애,127.0688969,37.5446915
화양동,도로 모퉁이,127.0673304,37.5441745
화양동,교통소통장애,127.0714136,37.5434228
화양동,도로 모퉁이,127.0653926,37.5443935
화양동,도로 모퉁이,127.071504,37.5470818
화양동,교통소통장애,127.071504,37.5470818
화양동,도로 모퉁이,127.071504,37.5470818
화양동,교통소통장애,127.071504,37.5470818
화양동,교통소통장애,127.0717433,37.5469485
화양동,교통소통장애,127.0723701,37.546593
화양동,교통소통장애,127.069488,37.5408397
화양동,교통소통장애,127.0696577,37.540841
화양동,도로 모퉁이,127.0710282,37.5425638
화양동,도로 모퉁이,127.0710282,37.5425638
화양동,교통소통장애,127.0646823,37.5423695
화양동,주차방법위반,127.0646823,37.5423695
화양동,교통소통장애,127.0713568,37.5434404
화양동,교통소통장애,127.0713568,37.5434404
화양동,교통소통장애,127.0696965,37.5459142
화양동,보도,127.0745497,37.5478716
화양동,교통소통장애,127.0650876,37.5425349
화양동,교통소통장애,127.0711542,37.5469979
화양동,교통소통장애,127.0670616,37.5466773
화양동,교통소통장애,127.0705145,37.5456593
화양동,교통소통장애,127.0705961,37.5454617
화양동,교통소통장애,127.0712296,37.5427456
화양동,도로 모퉁이,127.0668597,37.5419903
화양동,교통소통장애,127.0680352,37.5448288
화양동,교통소통장애,127.0668632,37.5453422
화양동,주정차금지(황색실선)구역,127.0738721,37.545929
화양동,주차방법위반,127.0705961,37.5454617
화양동,교통소통장애,127.0705961,37.5454617
화양동,도로 모퉁이,127.0699227,37.5441049
화양동,교통소통장애,127.0746476,37.5463586
화양동,교통소통장애,127.0743342,37.5460858
화양동,교통소통장애,127.0743342,37.5460858
화양동,교통소통장애,127.0738721,37.545929
화양동,교통소통장애,127.0711488,37.5428711
화양동,교통소통장애,127.0704054,37.5425949
화양동,교통소통장애,127.0704054,37.5425949
화양동,도로 모퉁이,127.071061,37.5426541
화양동,주정차금지(황색실선)구역,127.0704054,37.5425949
화양동,교통소통장애,127.0689155,37.5422858
화양동,교통소통장애,127.0675171,37.5419054
화양동,보도,127.0729596,37.5455975
화양동,교통소통장애,127.0677174,37.5439974
화양동,도로 모퉁이,127.0676589,37.5459702
화양동,주정차금지(황색실선)구역,127.0646823,37.5423695
화양동,도로 모퉁이,127.0653926,37.5443935
화양동,도로 모퉁이,127.0673304,37.5441745
화양동,교통소통장애,127.0744451,37.5462669
화양동,도로 모퉁이,127.0744451,37.5462669
화양동,교통소통장애,127.0673304,37.5441745
화양동,주차방법위반,127.0712759,37.5435749
화양동,보도,127.0734081,37.5459344
화양동,보도,127.0734081,37.5459344
화양동,보도,127.0730173,37.5455078
화양동,보도,127.0730173,37.5455078
화양동,보도,127.0734081,37.5459344
화양동,보도,127.0734081,37.5459344
화양동,교통소통장애,127.0668994,37.5469824
화양동,교통소통장애,127.0678056,37.5478185
화양동,교통소통장애,127.0678056,37.5478185
화양동,도로 모퉁이,127.0694183,37.5428034
화양동,교통소통장애,127.071739,37.5472908
화양동,교통소통장애,127.071739,37.5472908
화양동,교통소통장애,127.071739,37.5472908
화양동,교통소통장애,127.0653926,37.5443935
화양동,교통소통장애,127.0681913,37.5477405
화양동,주정차금지(황색실선)구역,127.0738721,37.545929
화양동,교통소통장애,127.0705234,37.5403793
화양동,교통소통장애,127.0697638,37.5404994
화양동,교통소통장애,127.0743342,37.5460858
화양동,교통소통장애,127.0743342,37.5460858
화양동,교통소통장애,127.0743342,37.5460858
화양동,교통소통장애,127.0738721,37.545929
화양동,교통소통장애,127.0738721,37.545929
화양동,교통소통장애,127.0739223,37.5455329
화양동,교통소통장애,127.0743342,37.5460858
화양동,교통소통장애,127.070008,37.5454391
화양동,교통소통장애,127.0798005,37.5451284
화양동,교통소통장애,127.0793127,37.5452237
화양동,주차방법위반,127.0698882,37.5441497
화양동,주차금지(황색점선)구역,127.075823,37.5464849
화양동,교통소통장애,127.0743342,37.5460858
화양동,교통소통장애,127.0746499,37.5461784
화양동,교통소통장애,127.0782774,37.5456751
화양동,도로 모퉁이,127.0673104,37.542147
화양동,도로 모퉁이,127.0706104,37.5433985
화양동,교통소통장애,127.0698882,37.5441497
화양동,교통소통장애,127.0672758,37.544922
화양동,교통소통장애,127.0686657,37.5414459
화양동,교통소통장애,127.0691442,37.5411884
화양동,교통소통장애,127.0691442,37.5411884
화양동,교통소통장애,127.0691442,37.5411884
화양동,교통소통장애,127.0696267,37.5406065
화양동,교통소통장애,127.0730173,37.5455078
화양동,교통소통장애,127.0712296,37.5427456
화양동,교통소통장애,127.0704054,37.5425949
화양동,교통소통장애,127.0705961,37.5454617
화양동,교통소통장애,127.0710916,37.547484
화양동,교통소통장애,127.0738721,37.545929
화양동,보도,127.0811247,37.5451116
화양동,보도,127.0732729,37.5449692
화양동,교통소통장애,127.0705961,37.5454617
화양동,교통소통장애,127.0658146,37.5423154
화양동,교통소통장애,127.0698882,37.5441497
화양동,교통소통장애,127.0677658,37.5419254
화양동,교통소통장애,127.0719644,37.5455446
화양동,교통소통장애,127.0697697,37.540932
화양동,교통소통장애,127.0715647,37.5467488
화양동,교통소통장애,127.0668597,37.5419903
화양동,교통소통장애,127.0668597,37.5419903
화양동,교통소통장애,127.0725406,37.5474503
화양동,교통소통장애,127.0725406,37.5474503
화양동,교통소통장애,127.0725406,37.5474503
화양동,교통소통장애,127.0725406,37.5474503
화양동,주정차금지(황색실선)구역,127.071866,37.5443544
화양동,주정차금지(황색실선)구역,127.0718861,37.5436428
화양동,주정차금지(황색실선)구역,127.0738721,37.545929
화양동,주정차금지(황색실선)구역,127.0738721,37.545929
화양동,주정차금지(황색실선)구역,127.0738721,37.545929
화양동,도로 모퉁이,127.0718921,37.5422462
화양동,주정차금지(황색실선)구역,127.0740283,37.5461104
화양동,교통소통장애,127.0744967,37.5457537
화양동,교통소통장애,127.0744967,37.5457537
화양동,교통소통장애,127.0744967,37.5457537
화양동,도로 모퉁이,127.0744967,37.5457537
화양동,횡단보도,127.0646823,37.5423695
화양동,교통소통장애,127.0808404,37.5452266
화양동,교통소통장애,127.0808404,37.5452266
화양동,교통소통장애,127.0808404,37.5452266
화양동,교통소통장애,127.0808404,37.5452266
화양동,교통소통장애,127.0808404,37.5452266
화양동,교통소통장애,127.0808404,37.5452266
화양동,교통소통장애,127.0808404,37.5452266
화양동,교통소통장애,127.0808404,37.5452266
화양동,도로 모퉁이,127.0682357,37.5459928
화양동,보도,127.0743798,37.5469692
화양동,교통소통장애,127.0738721,37.545929
화양동,교통소통장애,127.0653013,37.5426447
화양동,주차방법위반,127.0713788,37.5453147
화양동,교통소통장애,127.0684748,37.5476976
화양동,보도,127.0730173,37.5455078
화양동,보도,127.0734081,37.5459344
화양동,교통소통장애,127.0709578,37.5473207
화양동,교통소통장애,127.0725406,37.5474503
화양동,교통소통장애,127.071739,37.5472908
화양동,교통소통장애,127.0725406,37.5474503
화양동,교통소통장애,127.0725406,37.5474503
화양동,도로 모퉁이,127.0725406,37.5474503
화양동,이중주차,127.0685556,37.545752
화양동,도로 모퉁이,127.0708207,37.5474278
화양동,교통소통장애,127.0721781,37.5438253
화양동,교통소통장애,127.0705527,37.5444072
화양동,교통소통장애,127.0650624,37.542742
화양동,교통소통장애,127.0762912,37.5452271
화양동,도로 모퉁이,127.0826069,37.5414379
화양동,교통소통장애,127.0738721,37.545929
화양동,교통소통장애,127.0738721,37.545929
화양동,도로 모퉁이,127.0679069,37.5460442
화양동,교통소통장애,127.0661357,37.5419755
화양동,교통소통장애,127.0661357,37.5419755
화양동,교통소통장애,127.071739,37.5472908
화양동,보도,127.072065,37.5474736
화양동,보도,127.072065,37.5474736
화양동,교통소통장애,127.0698882,37.5441497
화양동,도로 모퉁이,127.0743525,37.5473474
화양동,교통소통장애,127.0697918,37.5446174
화양동,교통소통장애,127.0697918,37.5446174
화양동,도로 모퉁이,127.0697697,37.540932
화양동,교통소통장애,127.066556,37.5418437
화양동,도로 모퉁이,127.0673304,37.5441745
화양동,교통소통장애,127.0673304,37.5441745
화양동,교통소통장애,127.0673304,37.5441745
화양동,교통소통장애,127.072079,37.5435992
화양동,교통소통장애,127.0709885,37.543023
화양동,교통소통장애,127.0709885,37.543023
화양동,교통소통장애,127.0709885,37.543023
화양동,교통소통장애,127.0709885,37.543023
화양동,주차금지(황색점선)구역,127.0691628,37.5460632
화양동,도로 모퉁이,127.0721659,37.5466364
화양동,보도,127.0765413,37.546049
화양동,보도,127.0765413,37.546049
화양동,교통소통장애,127.0740283,37.5461104
화양동,교통소통장애,127.0740283,37.5461104
화양동,교통소통장애,127.0740283,37.5461104
화양동,교통소통장애,127.0738721,37.545929
화양동,교통소통장애,127.0740283,37.5461104
화양동,교통소통장애,127.0749659,37.5462439
화양동,소화전,127.0782774,37.5456751
화양동,교통소통장애,127.0782774,37.5456751
화양동,교통소통장애,127.0782774,37.5456751
화양동,교통소통장애,127.0782774,37.5456751
화양동,교통소통장애,127.0653926,37.5443935
화양동,교통소통장애,127.0742798,37.5459052
화양동,교통소통장애,127.0742798,37.5459052
화양동,교통소통장애,127.0656995,37.5442878
화양동,교통소통장애,127.0676589,37.5459702
화양동,교통소통장애,127.0671742,37.5403619
화양동,교통소통장애,127.0744967,37.5457537
화양동,교통소통장애,127.0702008,37.5444945
화양동,교통소통장애,127.0702008,37.5444945
화양동,소화전,127.0700077,37.5409068
화양동,교통소통장애,127.0676924,37.5469076
화양동,교통소통장애,127.0676041,37.5467357
화양동,교통소통장애,127.0686657,37.5414459
화양동,교통소통장애,127.0738721,37.545929
화양동,보도,127.0653527,37.5439607
화양동,교통소통장애,127.071866,37.5443544
화양동,도로 모퉁이,127.0744367,37.5460325
화양동,도로 모퉁이,127.0746499,37.5461784
화양동,도로 모퉁이,127.0653926,37.5443935
화양동,교통소통장애,127.0653926,37.5443935
화양동,교통소통장애,127.0653926,37.5443935
화양동,교통소통장애,127.0782774,37.5456751
화양동,교통소통장애,127.0738721,37.545929
화양동,교통소통장애,127.0790713,37.5418519
화양동,교통소통장애,127.0831745,37.5412891
화양동,보도,127.0671845,37.5413531
화양동,보도,127.073655,37.5470176
화양동,보도,127.0736313,37.5470985
화양동,보도,127.073655,37.5470176
화양동,교통소통장애,127.0702693,37.5408008
화양동,교통소통장애,127.0663146,37.5421482
화양동,보도,127.0734081,37.5459344
화양동,보도,127.0734081,37.5459344
화양동,교통소통장애,127.0734081,37.5459344
화양동,교통소통장애,127.0742798,37.5459052
화양동,교통소통장애,127.0742798,37.5459052
화양동,교통소통장애,127.0719881,37.5463737
화양동,교통소통장애,127.0719881,37.5463737
화양동,교통소통장애,127.0744967,37.5457537
화양동,도로 모퉁이,127.0750523,37.546578
화양동,도로 모퉁이,127.0750523,37.546578
화양동,교통소통장애,127.0697635,37.5405265
화양동,교통소통장애,127.0697697,37.540932
화양동,교통소통장애,127.0673104,37.542147
화양동,교통소통장애,127.066874,37.5417561
화양동,교통소통장애,127.0704054,37.5425949
화양동,교통소통장애,127.0704054,37.5425949
화양동,교통소통장애,127.0704054,37.5425949
화양동,교통소통장애,127.0704054,37.5425949
화양동,도로 모퉁이,127.0669075,37.5454236
화양동,교통소통장애,127.0646823,37.5423695
화양동,보도,127.0734081,37.5459344
화양동,보도,127.0734081,37.5459344
화양동,교통소통장애,127.0730173,37.5455078
화양동,교통소통장애,127.0704054,37.5425949
화양동,교통소통장애,127.071061,37.5426541
화양동,교통소통장애,127.071061,37.5426541
화양동,도로 모퉁이,127.0704054,37.5425949
화양동,도로 모퉁이,127.0708431,37.5428867
화양동,교통소통장애,127.0744967,37.5457537
화양동,교통소통장애,127.0744967,37.5457537
화양동,교통소통장애,127.0746389,37.5461513
화양동,교통소통장애,127.071175,37.542583
화양동,교통소통장애,127.071175,37.542583
화양동,교통소통장애,127.0704054,37.5425949
화양동,교통소통장애,127.0704054,37.5425949
화양동,교통소통장애,127.0704054,37.5425949
화양동,교통소통장애,127.0746389,37.5461513
화양동,횡단보도,127.0750412,37.5465599
화양동,도로 모퉁이,127.0704054,37.5425949
화양동,교통소통장애,127.0676281,37.5420774
화양동,교통소통장애,127.0676281,37.5420774
화양동,주정차금지(황색실선)구역,127.0646823,37.5423695
화양동,교통소통장애,127.0646823,37.5423695
화양동,보도,127.0646823,37.5423695
화양동,주차방법위반,127.0743342,37.5460858
화양동,교통소통장애,127.0738721,37.545929
화양동,교통소통장애,127.0738721,37.545929
화양동,교통소통장애,127.0743342,37.5460858
화양동,도로 모퉁이,127.0709009,37.542788
화양동,교통소통장애,127.0709009,37.542788
화양동,교통소통장애,127.065139,37.5420488
화양동,교통소통장애,127.0746476,37.5463586
화양동,교통소통장애,127.0746476,37.5463586
화양동,도로 모퉁이,127.0676589,37.5459702
화양동,교통소통장애,127.0676589,37.5459702
화양동,교통소통장애,127.0721555,37.5465643
화양동,교통소통장애,127.06963,37.5448955
화양동,교통소통장애,127.0742798,37.5459052
화양동,교통소통장애,127.0742798,37.5459052
화양동,교통소통장애,127.0743342,37.5460858
화양동,교통소통장애,127.0743342,37.5460858
화양동,교통소통장애,127.0743342,37.5460858
화양동,보도,127.0730999,37.5470583
화양동,교통소통장애,127.0697697,37.540932
화양동,교통소통장애,127.0689905,37.5408087
화양동,교통소통장애,127.0689217,37.5445205
화양동,교통소통장애,127.071061,37.5426541
화양동,교통소통장애,127.071061,37.5426541
화양동,교통소통장애,127.0673104,37.542147
화양동,소방차(긴급차량)통행장애,127.0650624,37.542742
화양동,교통소통장애,127.0687855,37.5445554
화양동,보도,127.065139,37.5420488
화양동,교통소통장애,127.0708657,37.5410668
화양동,도로 모퉁이,127.071504,37.5470818
화양동,도로 모퉁이,127.0715647,37.5467488
화양동,도로 모퉁이,127.0704054,37.5425949
화양동,주정차금지(황색실선)구역,127.0697697,37.540932
화양동,도로 모퉁이,127.0750412,37.5465599
화양동,주차금지(황색점선)구역,127.0700841,37.5484222
화양동,교통소통장애,127.0653926,37.5443935
화양동,교통소통장애,127.0721305,37.5476634
화양동,교통소통장애,127.0721305,37.5476634
화양동,교통소통장애,127.0665433,37.5437719
화양동,교통소통장애,127.072392,37.5475663
화양동,교통소통장애,127.072392,37.5475663
화양동,교통소통장애,127.072065,37.5474736
화양동,보도,127.072392,37.5475663
화양동,보도,127.0667411,37.5415208
화양동,교통소통장애,127.0725406,37.5474503
화양동,도로 모퉁이,127.0655892,37.5440526
화양동,교통소통장애,127.0655892,37.5440526
화양동,도로 모퉁이,127.0676589,37.5459702
화양동,교통소통장애,127.0665682,37.5435918
화양동,도로 모퉁이,127.0676589,37.5459702
화양동,교통소통장애,127.0676589,37.5459702
화양동,교통소통장애,127.0682363,37.5432176
화양동,도로 모퉁이,127.0686892,37.5477444
화양동,도로 모퉁이,127.0679867,37.5450898
화양동,교통소통장애,127.0746499,37.5461784
화양동,교통소통장애,127.0666568,37.5437457
화양동,교통소통장애,127.0679069,37.5460442
화양동,교통소통장애,127.0725406,37.5474503
화양동,도로 모퉁이,127.0673304,37.5441745
화양동,교통소통장애,127.0720644,37.5466086
화양동,교통소통장애,127.0712296,37.5427456
화양동,교통소통장애,127.0662379,37.5419493
화양동,교통소통장애,127.0665433,37.5437719
화양동,교통소통장애,127.0744967,37.5457537
화양동,교통소통장애,127.0744967,37.5457537
화양동,도로 모퉁이,127.0744451,37.5462669
화양동,교통소통장애,127.0762633,37.5456504
화양동,교통소통장애,127.071061,37.5426541
화양동,도로 모퉁이,127.071866,37.5443544
화양동,도로 모퉁이,127.0676589,37.5459702
화양동,교통소통장애,127.0711542,37.5469979
화양동,주차금지(황색점선)구역,127.0704054,37.5425949
화양동,도로 모퉁이,127.0704054,37.5425949
화양동,주정차금지(황색실선)구역,127.0740283,37.5461104
화양동,주정차금지(황색실선)구역,127.0740283,37.5461104
화양동,주정차금지(황색실선)구역,127.0738721,37.545929
화양동,도로 모퉁이,127.0691678,37.5474778
화양동,주정차금지(황색실선)구역,127.0652498,37.5422389
화양동,교통소통장애,127.0704054,37.5425949
화양동,교통소통장애,127.0656533,37.5443595
화양동,도로 모퉁이,127.0656533,37.5443595
화양동,보도,127.066366,37.541653
화양동,보도,127.066366,37.541653
화양동,보도,127.0737283,37.5456666
화양동,보도,127.0736673,37.5460175
화양동,교통소통장애,127.071739,37.5472908
화양동,교통소통장애,127.0707457,37.5407054
화양동,교통소통장애,127.0704054,37.5425949
화양동,교통소통장애,127.0704054,37.5425949
화양동,교통소통장애,127.0704054,37.5425949
화양동,교통소통장애,127.0704054,37.5425949
화양동,교통소통장애,127.0704054,37.5425949
화양동,교통소통장애,127.0704054,37.5425949
화양동,교통소통장애,127.0704054,37.5425949
화양동,교통소통장애,127.0696413,37.5448956
화양동,교통소통장애,127.0744967,37.5457537
화양동,교통소통장애,127.0744967,37.5457537
화양동,교통소통장애,127.0704054,37.5425949
화양동,교통소통장애,127.0833196,37.5303605
화양동,도로 모퉁이,127.0683038,37.5459753
화양동,교통소통장애,127.070499,37.5469027
화양동,교통소통장애,127.0698882,37.5441497
화양동,교통소통장애,127.0704054,37.5425949
화양동,교통소통장애,127.0704054,37.5425949
화양동,교통소통장애,127.0704054,37.5425949
화양동,교통소통장애,127.0704054,37.5425949
화양동,도로 모퉁이,127.0704054,37.5425949
화양동,교통소통장애,127.0646823,37.5423695
화양동,교통소통장애,127.0646823,37.5423695
화양동,교통소통장애,127.0646823,37.5423695
화양동,교통소통장애,127.0646823,37.5423695
화양동,도로 모퉁이,127.0673115,37.5465982
화양동,교통소통장애,127.0711487,37.5428801
화양동,도로 모퉁이,127.0704054,37.5425949
화양동,교통소통장애,127.0696413,37.5448956
화양동,교통소통장애,127.0738721,37.545929
화양동,교통소통장애,127.0738721,37.545929
화양동,교통소통장애,127.0738721,37.545929
화양동,교통소통장애,127.071739,37.5472908
화양동,교통소통장애,127.071739,37.5472908
화양동,교통소통장애,127.071739,37.5472908
화양동,교통소통장애,127.071739,37.5472908
화양동,교통소통장애,127.071739,37.5472908
화양동,교통소통장애,127.071739,37.5472908
화양동,교통소통장애,127.0720852,37.5467529
화양동,도로 모퉁이,127.0725406,37.5474503
화양동,도로 모퉁이,127.071739,37.5472908
화양동,교통소통장애,127.071739,37.5472908
화양동,교통소통장애,127.0711471,37.5475745
화양동,교통소통장애,127.0711471,37.5475745
화양동,교통소통장애,127.0711471,37.5475745
화양동,교통소통장애,127.0738721,37.545929
화양동,교통소통장애,127.0738721,37.545929
화양동,교통소통장애,127.071061,37.5426541
화양동,교통소통장애,127.071061,37.5426541
화양동,교통소통장애,127.0738721,37.545929
화양동,교통소통장애,127.0744967,37.5457537
화양동,도로 모퉁이,127.0694786,37.5461467
화양동,교차로,127.0682609,37.5412445
화양동,주차금지(황색점선)구역,127.0676281,37.5420774
화양동,주차금지(황색점선)구역,127.0676607,37.5421858
화양동,교통소통장애,127.0738721,37.545929
화양동,도로 모퉁이,127.067512,37.5432209
화양동,교통소통장애,127.0673104,37.542147
화양동,교통소통장애,127.0743342,37.5460858
화양동,교통소통장애,127.0740283,37.5461104
화양동,교통소통장애,127.0740283,37.5461104
화양동,교통소통장애,127.0650876,37.5425349
화양동,도로 모퉁이,127.0650876,37.5425349
화양동,교통소통장애,127.0750412,37.5465599
화양동,교통소통장애,127.0711542,37.5469979
화양동,교통소통장애,127.0709578,37.5473207
화양동,교통소통장애,127.0709578,37.5473207
화양동,교통소통장애,127.0709578,37.5473207
화양동,교통소통장애,127.0709578,37.5473207
화양동,교통소통장애,127.0709578,37.5473207
화양동,보도,127.071739,37.5472908
화양동,주정차금지(황색실선)구역,127.0738721,37.545929
화양동,주정차금지(황색실선)구역,127.0738721,37.545929
화양동,교통소통장애,127.0704054,37.5425949
화양동,교통소통장애,127.0704054,37.5425949
화양동,주정차금지(황색실선)구역,127.0704054,37.5425949
화양동,교통소통장애,127.0704054,37.5425949
화양동,도로 모퉁이,127.0719694,37.5405799
화양동,교통소통장애,127.0719694,37.5405799
화양동,교통소통장애,127.0746499,37.5461784
화양동,교통소통장애,127.0746499,37.5461784
화양동,교통소통장애,127.071739,37.5472908
화양동,교통소통장애,127.071739,37.5472908
화양동,교통소통장애,127.071739,37.5472908
화양동,보도,127.071739,37.5472908
화양동,도로 모퉁이,127.0738721,37.545929
화양동,교통소통장애,127.07234,37.5471965
화양동,도로 모퉁이,127.0676589,37.5459702
화양동,교통소통장애,127.0712759,37.5435749
화양동,교통소통장애,127.069193,37.5409004
화양동,교통소통장애,127.0720852,37.5467529
화양동,도로 모퉁이,127.0715647,37.5467488
화양동,도로 모퉁이,127.0715647,37.5467488
화양동,교통소통장애,127.0715647,37.5467488
화양동,교통소통장애,127.0704054,37.5425949
화양동,주정차금지(황색실선)구역,127.071061,37.5426541
화양동,주차금지(황색점선)구역,127.071061,37.5426541
화양동,도로 모퉁이,127.071061,37.5426541
화양동,교통소통장애,127.0738721,37.545929
화양동,교통소통장애,127.0738721,37.545929
화양동,교통소통장애,127.0738721,37.545929
화양동,교통소통장애,127.0738721,37.545929
화양동,도로 모퉁이,127.0738721,37.545929
화양동,교통소통장애,127.0738721,37.545929
화양동,교통소통장애,127.0743342,37.5460858
화양동,교통소통장애,127.0743342,37.5460858
화양동,교통소통장애,127.0740283,37.5461104
화양동,교통소통장애,127.0740283,37.5461104
화양동,교통소통장애,127.0740283,37.5461104
화양동,교통소통장애,127.0738721,37.545929
화양동,교통소통장애,127.0738721,37.545929
화양동,교통소통장애,127.0738721,37.545929
화양동,교통소통장애,127.0738721,37.545929
화양동,교통소통장애,127.0738721,37.545929
화양동,교통소통장애,127.0743342,37.5460858
화양동,교통소통장애,127.0746389,37.5461513
화양동,교통소통장애,127.0743342,37.5460858
화양동,교통소통장애,127.0743342,37.5460858
화양동,교통소통장애,127.0743342,37.5460858
화양동,교통소통장애,127.0746499,37.5461784
화양동,도로 모퉁이,127.0713758,37.546468
화양동,교통소통장애,127.0713758,37.546468
화양동,보도,127.0659498,37.5450827
화양동,도로 모퉁이,127.0673104,37.542147
화양동,교통소통장애,127.0646823,37.5423695
화양동,교통소통장애,127.0646823,37.5423695
화양동,도로 모퉁이,127.0704054,37.5425949
화양동,도로 모퉁이,127.0704054,37.5425949
화양동,도로 모퉁이,127.0673571,37.5429403
화양동,교통소통장애,127.0681099,37.5460999
화양동,교통소통장애,127.0722902,37.5466464
화양동,교통소통장애,127.0722902,37.5466464
화양동,교통소통장애,127.0704054,37.5425949
화양동,교통소통장애,127.0646823,37.5423695
화양동,주정차금지(황색실선)구역,127.0704054,37.5425949
화양동,교통소통장애,127.0704054,37.5425949
화양동,주정차금지(황색실선)구역,127.0704054,37.5425949
화양동,주정차금지(황색실선)구역,127.0704054,37.5425949
화양동,교통소통장애,127.0691628,37.5460632
화양동,도로 모퉁이,127.0694786,37.5461467
화양동,교통소통장애,127.071061,37.5426541
화양동,도로 모퉁이,127.0746389,37.5461513
화양동,교통소통장애,127.0746389,37.5461513
화양동,교통소통장애,127.0744967,37.5457537
화양동,도로 모퉁이,127.0746389,37.5461513
화양동,교통소통장애,127.0704054,37.5425949
화양동,교통소통장애,127.068662,37.5444734
화양동,도로 모퉁이,127.0691678,37.5474778
화양동,보도,127.0653025,37.5434557
화양동,도로 모퉁이,127.0670589,37.5468935
화양동,횡단보도,127.0734081,37.5459344
화양동,교통소통장애,127.0734081,37.5459344
화양동,교통소통장애,127.0698882,37.5441497
화양동,횡단보도,127.0675728,37.5410678
화양동,교통소통장애,127.0704054,37.5425949
화양동,교통소통장애,127.0704054,37.5425949
화양동,교통소통장애,127.0704054,37.5425949
화양동,교통소통장애,127.0704054,37.5425949
화양동,교통소통장애,127.0743342,37.5460858
화양동,교통소통장애,127.0743342,37.5460858
화양동,교통소통장애,127.0743342,37.5460858
화양동,버스정류소,127.0750523,37.546578
화양동,주정차금지(황색실선)구역,127.0738721,37.545929
화양동,교통소통장애,127.0687855,37.5445554
화양동,교통소통장애,127.0687855,37.5445554
화양동,교통소통장애,127.0686719,37.5445906
화양동,교통소통장애,127.0721555,37.5465643
화양동,교통소통장애,127.0721555,37.5465643
화양동,도로 모퉁이,127.0673304,37.5441745
화양동,교통소통장애,127.0712735,37.542854
화양동,교통소통장애,127.0712735,37.542854
화양동,교통소통장애,127.0746499,37.5461784
화양동,도로 모퉁이,127.0711488,37.5428711
화양동,교통소통장애,127.0704054,37.5425949
화양동,교통소통장애,127.0704054,37.5425949
화양동,교통소통장애,127.0714812,37.5425313
화양동,교통소통장애,127.0738721,37.545929
화양동,교통소통장애,127.0738721,37.545929
화양동,주정차금지(황색실선)구역,127.0701222,37.547179
화양동,교통소통장애,127.0709009,37.542788
화양동,도로 모퉁이,127.0704054,37.5425949
화양동,교통소통장애,127.0704054,37.5425949
화양동,주차금지(황색점선)구역,127.0703388,37.5424953
화양동,주차금지(황색점선)구역,127.0692177,37.5461988
화양동,도로 모퉁이,127.067854,37.5475666
화양동,교통소통장애,127.0750063,37.5448116
화양동,도로 모퉁이,127.0696965,37.5459142
화양동,교통소통장애,127.0673104,37.542147
화양동,교통소통장애,127.0701709,37.5405207
화양동,도로 모퉁이,127.066846,37.5467207
화양동,교통소통장애,127.0701709,37.5405207
화양동,도로 모퉁이,127.0717233,37.5476511
화양동,도로 모퉁이,127.0717433,37.5469485
화양동,주정차금지(황색실선)구역,127.0689922,37.5406736
화양동,교통소통장애,127.0691763,37.5404227
화양동,교통소통장애,127.0650876,37.5425349
화양동,도로 모퉁이,127.0717433,37.5469485
화양동,도로 모퉁이,127.0717433,37.5469485
화양동,교통소통장애,127.071061,37.5426541
화양동,교통소통장애,127.0675171,37.5419054
화양동,교통소통장애,127.0678767,37.5421064
화양동,교통소통장애,127.0722786,37.5475834
화양동,교통소통장애,127.0722786,37.5475834
화양동,교통소통장애,127.0722786,37.5475834
화양동,교통소통장애,127.0722786,37.5475834
화양동,교통소통장애,127.0722786,37.5475834
화양동,교통소통장애,127.0722786,37.5475834
화양동,도로 모퉁이,127.0721424,37.5476184
화양동,횡단보도,127.0721424,37.5476184
화양동,도로 모퉁이,127.0740898,37.5466245
화양동,교통소통장애,127.0738721,37.545929
화양동,도로 모퉁이,127.0730999,37.5470583
화양동,교통소통장애,127.0730999,37.5470583
화양동,교통소통장애,127.0701709,37.5405207
화양동,교통소통장애,127.0746499,37.5461784
화양동,교통소통장애,127.074095,37.5462101
화양동,교통소통장애,127.0719881,37.5463737
화양동,교통소통장애,127.0719881,37.5463737
화양동,교통소통장애,127.0719881,37.5463737
화양동,교통소통장애,127.0719881,37.5463737
화양동,교통소통장애,127.0718266,37.5466158
화양동,교통소통장애,127.0718266,37.5466158
화양동,교통소통장애,127.0718266,37.5466158
화양동,교통소통장애,127.0691817,37.5409003
화양동,교통소통장애,127.0650876,37.5425349
화양동,교통소통장애,127.0650876,37.5425349
화양동,교통소통장애,127.0650876,37.5425349
화양동,교통소통장애,127.0650876,37.5425349
화양동,교통소통장애,127.065139,37.5420488
화양동,교통소통장애,127.0755856,37.546465
화양동,도로 모퉁이,127.0750523,37.546578
화양동,교통소통장애,127.0753726,37.5463012
화양동,교통소통장애,127.0750523,37.546578
화양동,도로 모퉁이,127.0715647,37.5467488
화양동,주정차금지(황색실선)구역,127.0744967,37.5457537
화양동,교통소통장애,127.0714136,37.5434228
화양동,교통소통장애,127.0713553,37.5435575
화양동,교통소통장애,127.0738721,37.545929
화양동,교통소통장애,127.071454,37.5474598
화양동,교통소통장애,127.071454,37.5474598
화양동,교통소통장애,127.071454,37.5474598
화양동,교통소통장애,127.071454,37.5474598
화양동,교통소통장애,127.071504,37.5470818
화양동,교통소통장애,127.0709578,37.5473207
화양동,교통소통장애,127.0709578,37.5473207
화양동,교통소통장애,127.0704922,37.5474522
화양동,보도,127.0653527,37.5439607
화양동,보도,127.0705461,37.5476689
화양동,교통소통장애,127.0674593,37.542004
화양동,보도,127.0703063,37.5478382
화양동,교통소통장애,127.0653926,37.5443935
화양동,보도,127.0656533,37.5443595
화양동,주정차금지(황색실선)구역,127.0704054,37.5425949
화양동,도로 모퉁이,127.0704054,37.5425949
화양동,주정차금지(황색실선)구역,127.0704054,37.5425949
화양동,주정차금지(황색실선)구역,127.0704054,37.5425949
화양동,교차로,127.0720852,37.5467529
화양동,교통소통장애,127.0650876,37.5425349
화양동,도로 모퉁이,127.0676589,37.5459702
화양동,주정차금지(황색실선)구역,127.0740283,37.5461104
화양동,주정차금지(황색실선)구역,127.0740283,37.5461104
화양동,교통소통장애,127.0676589,37.5459702
화양동,교통소통장애,127.0653926,37.5443935
화양동,교통소통장애,127.0711542,37.5469979
화양동,교통소통장애,127.0803991,37.5452231
화양동,보도,127.0738721,37.545929
화양동,도로 모퉁이,127.0673304,37.5441745
화양동,도로 모퉁이,127.0711488,37.5428711
화양동,교통소통장애,127.0711488,37.5428711
화양동,도로 모퉁이,127.0716311,37.5468665
화양동,교통소통장애,127.0701709,37.5405207
화양동,교통소통장애,127.0650876,37.5425349
화양동,교통소통장애,127.0704054,37.5425949
화양동,도로 모퉁이,127.0704054,37.5425949
화양동,교통소통장애,127.0738721,37.545929
화양동,보도,127.0734081,37.5459344
화양동,도로 모퉁이,127.0676041,37.5467357
화양동,보도,127.0702514,37.5477026
화양동,보도,127.0702514,37.5477026
화양동,교통소통장애,127.071061,37.5426541
화양동,도로 모퉁이,127.0704054,37.5425949
화양동,교통소통장애,127.0704054,37.5425949
화양동,교통소통장애,127.0690782,37.5410347
화양동,교통소통장애,127.0697697,37.540932
화양동,주정차금지(황색실선)구역,127.0711487,37.5428801
화양동,교통소통장애,127.0711488,37.5428711
화양동,주차금지(황색점선)구역,127.0723233,37.5467188
화양동,주정차금지(황색실선)구역,127.0723233,37.5467188
화양동,교통소통장애,127.0673304,37.5441745
화양동,주정차금지(황색실선)구역,127.0704054,37.5425949
화양동,주정차금지(황색실선)구역,127.0704054,37.5425949
화양동,주차금지(황색점선)구역,127.0691992,37.5413149
화양동,도로 모퉁이,127.0693372,37.5411358
화양동,교통소통장애,127.0694604,37.5476153
화양동,교통소통장애,127.0730882,37.5470942
화양동,교통소통장애,127.0744967,37.5457537
화양동,교통소통장애,127.0669507,37.5455862
화양동,교통소통장애,127.068137,37.5439196
화양동,도로 모퉁이,127.067441,37.5434726
화양동,도로 모퉁이,127.0683286,37.541254
화양동,교통소통장애,127.067512,37.5432209
화양동,교통소통장애,127.0673304,37.5441745
화양동,교통소통장애,127.0673304,37.5441745
화양동,도로 모퉁이,127.0697697,37.540932
화양동,교통소통장애,127.0693312,37.5461726
화양동,교통소통장애,127.0696965,37.5459142
화양동,교통소통장애,127.0707132,37.5433272
화양동,교통소통장애,127.0667794,37.545711
화양동,교통소통장애,127.0744967,37.5457537
화양동,교통소통장애,127.0744967,37.5457537
화양동,교통소통장애,127.0738721,37.545929
화양동,도로 모퉁이,127.0710495,37.5408429
화양동,교통소통장애,127.0706103,37.5406773
화양동,교통소통장애,127.0646823,37.5423695
화양동,교통소통장애,127.0646823,37.5423695
화양동,교통소통장애,127.0646823,37.5423695
화양동,교통소통장애,127.0708005,37.5426701
화양동,도로 모퉁이,127.0709234,37.5427972
화양동,주차금지(황색점선)구역,127.068137,37.5439196
화양동,교통소통장애,127.0695907,37.5480578
화양동,교통소통장애,127.0721249,37.5481138
화양동,교통소통장애,127.0696965,37.5459142
화양동,교통소통장애,127.0646823,37.5423695
화양동,교통소통장애,127.0711542,37.5469979
화양동,교통소통장애,127.068137,37.5439196
화양동,교통소통장애,127.068137,37.5439196
화양동,도로 모퉁이,127.0676589,37.5459702
화양동,도로 모퉁이,127.071061,37.5426541
화양동,교통소통장애,127.071061,37.5426541
화양동,교통소통장애,127.0709234,37.5427972
화양동,교통소통장애,127.0704734,37.5407663
화양동,교통소통장애,127.0669509,37.5419369
화양동,교통소통장애,127.0710497,37.542654
화양동,교통소통장애,127.0710497,37.542654
화양동,교통소통장애,127.0671928,37.5443176
화양동,교통소통장애,127.0663965,37.5455638
화양동,교통소통장애,127.0668632,37.5453422
화양동,교통소통장애,127.0722458,37.5474931
화양동,교통소통장애,127.065139,37.5420488
화양동,주차방법위반,127.065139,37.5420488
화양동,교통소통장애,127.0681146,37.5439014
화양동,교통소통장애,127.071061,37.5426541
화양동,주차금지(황색점선)구역,127.0768832,37.5458535
화양동,교통소통장애,127.0646823,37.5423695
화양동,교통소통장애,127.0646823,37.5423695
화양동,교통소통장애,127.0696965,37.5459142
화양동,보도,127.0765413,37.546049
화양동,도로 모퉁이,127.066846,37.5467207
화양동,도로 모퉁이,127.0695907,37.5480578
화양동,교통소통장애,127.0730999,37.5470583
화양동,보도,127.0675728,37.5410678
화양동,교통소통장애,127.0671866,37.5466333
화양동,주차방법위반,127.0691183,37.5478199
화양동,교통소통장애,127.0737939,37.5449372
화양동,도로 모퉁이,127.0711813,37.5429885
화양동,교통소통장애,127.0738947,37.5450191
화양동,주차금지(황색점선)구역,127.067087,37.542821
화양동,교통소통장애,127.0705527,37.5444072
화양동,교통소통장애,127.0737939,37.5449372
화양동,주정차금지(황색실선)구역,127.0738721,37.545929
화양동,보도,127.0651958,37.5438423
화양동,주정차금지(황색실선)구역,127.065139,37.5420488
화양동,주정차금지(황색실선)구역,127.0645771,37.5417379
화양동,교통소통장애,127.0693312,37.5461726
화양동,도로 모퉁이,127.0673304,37.5441745
화양동,교차로,127.0717433,37.5469485
화양동,교통소통장애,127.0676881,37.5472589
화양동,보도,127.0661862,37.5415525
화양동,보도,127.0734081,37.5459344
화양동,도로 모퉁이,127.0715647,37.5467488
화양동,도로 모퉁이,127.0717332,37.5468493
화양동,교통소통장애,127.0741346,37.5457508
화양동,교통소통장애,127.0743342,37.5460858
화양동,도로 모퉁이,127.0743342,37.5460858
화양동,교통소통장애,127.0650876,37.5425349
화양동,주정차금지(황색실선)구역,127.0650876,37.5425349
화양동,교통소통장애,127.0650876,37.5425349
화양동,교통소통장애,127.0646823,37.5423695
화양동,교통소통장애,127.0650876,37.5425349
화양동,교통소통장애,127.0676589,37.5459702
화양동,도로 모퉁이,127.0680352,37.5448288
화양동,교통소통장애,127.0682609,37.5412445
화양동,도로 모퉁이,127.0732386,37.545915
화양동,교통소통장애,127.0684446,37.5446699
